uzivatel;heslo;jmeno;prijmeni;email
martinholy;student;Martin;Holý;martin.holy@student.cz
janachytra;student;Jana;Chytrá;jana.chytra@student.cz
milancernoch;student;Milan;Černoch;milan.cernoch@student.cz
roberttyc;student;Robert;Týc;robert.tyc@student.cz
pavlahyskova;student;Pavla;Hýsková;pavla.hyskova@student.cz
tomaspech;student;Tomáš;Pech;tomas.pech@student.cz
frantisekdobrota;student;František;Dobrota;frantisek.dobrota@student.cz
martinvalouch;student;Martin;Valouch;martin.valouch@student.cz
petravichova;ucitel;Petra;Víchová;petra.vichova@ucitel.cz
ivoviktor;ucitel;Ivo;Viktor;ivo.viktor@ucitel.cz
